{"stats":{"minecraft:mined":{"minecraft:grass_block":2,"minecraft:oak_leaves":5},"minecraft:picked_up":{"minecraft:dirt":2},"minecraft:used":{"minecraft:painting":7,"minecraft:dirt":2},"minecraft:custom":{"minecraft:time_since_rest":2225,"minecraft:leave_game":1,"minecraft:crouch_one_cm":968,"minecraft:sprint_one_cm":215,"minecraft:play_time":2225,"minecraft:damage_taken":30,"minecraft:time_since_death":2225,"minecraft:walk_one_cm":752,"minecraft:sneak_time":278,"minecraft:total_world_time":2225,"minecraft:fall_one_cm":569}},"DataVersion":3465}